"מס עבודה","שם לקוח","גוש","חלקה","מקום"
"25001","גדליה פנדל","13163,13110","55,49","קריית שמונה"
"25002","שניר מלול","23176","27+29","קיבוץ גבע"
"25003","שעלאן יוסף","16979","2 , 7","דבוריה"
"25004","זוהר אלימלך","17785","22","אחוזת ברק"
"25005","סמי שמעון","20770","53","ברק"
"25006","חווה חקלאית אום אלגנם","17003","15","אום אלגנם"
"25007","שי גוטמן","20880","25","מעלה גלבוע"
"25008","ליאור בן שלוש","11184","56","רמת ישי"
"25009","ליאור חבר","17889","15","ארבל"
"25010","הלאל פלאח שיבלי","17216","35+38","שיבלי"
"25011","לינין חמידי","17216","60","שיבלי"
"25012","משהור אטרש","16991","38+39","דבוריה"
"25013","אכרם זועבי","17202","35","ניין"
"25014","תומר פרץ","20770","53","ברק"
"25015","שניר מלול","16661","30","עפולה"
"25016","משה משה-חבר יובל סילקו","16717","17","בלפוריה"
"25017","מוחמד עזאיזה","16961","79","דבוריה"
"25018","משפחת ארגמן","20883","44","מירב"
"25019","תומילי אלקובי","22986","4","מעוז חיים"
"25020","דיאב שיבלי","17215","96","שיבלי"
"25021","סמיר נגאר","16972","34","דבוריה"
"25022","נטע ומיכאל דוב","17305","68","תמרת"
"25023","נסר כתילאת","16971","16","דבוריה"
"25024","דודו דנן","אין גוש","אין חלקה","מחולה"
"25025","יהודה צרויא","15179","264","גבעת אבני"
"25026","מילודי","11742","57,61,94","עין העמק"
"25027","עופר דרסלר","11376","100","בית לחם גלילית"
"25028","שמואל גפרי","17370","55","יבנאל"
"25029","משפחת לווין","17886","17 , 40","כפר ברוך"
"25030","אלמוג יניב","17186","150","נהלל"
"25031","שחר ברגסון","22870","3","עין הנציב"
"25032","כהן שרייבר וחיה","22870","3","עין הנציב"
"25033","לילא","17543","3","בועינה נגידאת"
"25034","עלא רורוש","15576","25  26","מגאר"
"25035","פאתק שיבלי","17216","29","שיבלי"
"25036","שיבלי עבדאלעזיז","17217","1","שיבלי"
"25037","קיבוץ דליה-דנה","12351","11","קיבוץ דליה"
"25038","מועצה אזורית בקעת הירדן","אין גוש","אין חלקה","ארגמן"
"25039","מגרבי חמדה סעיד","17216","38","שיבלי"
"25040","מרים ואופיר","17049","31","עין דור"
"25041","מועצה מקומית יבנאל","17370","67","יבנאל"
"25042","פאיז שתיווי","17220","29 , 30","שיבלי"
"25043","שולי בן לולו","15342","4","כפר חיטים"
"25044","משפחת שניידרמן","17029","118","כפר תבור"
"25045","אילנה סיליה","20775","6","רם און"
"25046","תומר קליין","12381","4","רמות מנשה"
"25047","עמאד גומעה","17216","40","שיבלי"
"25048","מוסא ביגן","17004","27","אום אלגנם"
"25049","יאיר הרמן","15512","3","מגדל"
"25050","נביל קנואת","16963","7","דבוריה"
"25051","שי אטדגי","20962","109,145,148","בית אלפא"
"25052","משפחת רייך-אריק מפקח","11376","134","בית לחם גלילית"
"25053","גנאת סביח","22515","13","כפר מצר"
"25054","ליאור מטטוב","17766","35","עפולה עילית"
"25055","רינגל ירדן","12381","4","רמות מנשה"
"25056","חוסין נגאר","16971","16","דבוריה"
"25057","יוסף דאהוד","16976","18","דבוריה"
"25058","דורית טל","20958","3","מסילות"
"25059","אריאל טל","20958","3","מסילות"
"25060","נור כחילי","17003","56","אום אלגנם"
"25061","שולמית ואסף לוי","22867","21","שלוחות"
"25062","מוחמד גגיני","16974","28","דבוריה"
"25063","איליה רבין","17008","108","מגדל העמק"
"25064","איליה רבין","22868","107","בית שאן"
"25065","יניב מליחי","17766","31","עפולה עילית"
"25066","אלון רחמיאן","16709","165","עפולה"
"25067","מוחמד עוד מסאלחה-בעלה של מי","16973","6","דבוריה"
"25068","טל וקנין","17445","95","מגדל העמק"
"25069","מאמון זועבי","17116","3","סולם"
"25070","סמדר אמור","22863","2","שדה נחום"
"25071","אייל שפר","23186","69","בית השיטה"
"25072","חבשי מוחמד","16959","30","אכסאל"
"25073","מאיר צפריר","100806","173","מושב פטיש"
"25074","גל ואשר-יזמות","16776","21","עפולה"
"25075","עיסא דיאב שיבלי","16974","40","שיבלי"
"25076","ראזי יצחקי","15785","74","כפר קיש"
"25077","גל גרבר","25046","77","מי עמי"
"25078","אחמד סלימאן חמידי","17216","54","שיבלי"
"25079","ישראל קנטור","17037","65","כפר תבור"
"25080","אברהים דרפיל","16971","47","דבוריה"
"25081","משפחת דלל","20995","12","בית שאן"
"25082","הבעלים","20995","28","בית שאן"
"25083","אבי זגורי","17806","109","מגדל העמק"
"25084","מחמוד חטייב","16983","8","דבוריה"
"25085","משפחת פרגי","20994","28","בית שאן"
"25086","מ.מ.יבניאל","17368","58","יבנאל"
"25087","אליה רבין","20985","104","בית שאן"
"25088","טארק זיאד","16931","3","אכסאל"
"25089","אפיקי מים-עין מודע","20967","2","עין מודע-רשפים"
"25090","נגיב בכית","17216","38","שיבלי"
"25091","מרכז מזון כפר יהשוע-איאד אטרש","12714","98","כפר יהשוע"
"25092","מרכז מזון כפר יהשוע-איאד אטרש","12717","28","כפר יהשוע"
"25093","יצחק אסולין","17008","87","מגדל  העמק"
"25094","משפחת בטיטו","20990","69","אומן"
"25095","אייל פרץ-חשמל יהל אחזקות בע""מ","13953","4","צחר"
"25096","דובלה קליין","17368","40,41","יבנאל"
"25097","אשר זוהר","13388","14+15","צפת"
"25098","מרדכי כהן","17767","5","עפולה עלית"
"25099","ישראל קנטור","17037","11","כפר תבור"
"25100","מוחמד תופיק עזאיזה","16972","36","דבוריה"
"25101","מוטי ראובן","17772","89","עפולה"
"25102","אחמד סעיד אטרש-מעונות יום","16681","49-57,71","עפולה"
"25103","שלומי אילת","15032","4","טבריה"
"25104","סמיר מחסן חמידי","17215","85","שיבלי"
"25105","מיסרה אחמד עזאיזה","16961","16","דבוריה"
"25106","עבדאלחמיד דואס","16971","18","דבוריה"
"25107","בית החייל מולדת","23280","165","מולדת"
"25108","חגאי לווין","20968","8","רשפים"
"25109","עידן ירדנאי","17186","137","נהלל"
"25110","מזכירות מושב מולדת-אזור רפתות","23211","49","מולדת"
"25111","עומר שוימר","11376","132","בית לחם גלילית"
"25112","הנהלת בית מלון לביא","15771","11","קיבוץ לביא"
"25113","אבי זגורי","17806","54","מגדל העמק"
"25114","אבי זגורי","17445","117","מגדל העמק"
"25115","אבי זגורי","17445","2,3,111-113","מגדל העמק"
"25116","מ.מ.יבנאל מעון יום","15442","9","יבנאל"
"25117","מ.מ.יבנאל כביש ליד מעון","15442","59","יבנאל"
"25118","גיל ורזי יצחקי","15180","106","שדמות דבורה"
"25119","ארד עליזה ועדי","10315","77","קיבוץ עדי"
"25120","אפיקי מים-אזור בית שאן","17216","3","בית שאן"
"25121","משפחת שגיא","15442","30","יבנאל"
"25122","בועז שילה","12713-11259","6,24","כפר יהשוע"
"25123","יוסי גיחז","17806","64","מגדל העמק"
"25124","רגב ולירון לוי","17783","154","אחוזת ברק"
"25125","לואי אטרש","16991","35","דבוריה"
"25126","ואיל כחילי","17125","46","אום אלגנם"
"25127","אורן ממן","20770","53","ברק"
"25128","ש.ל.ה. שירותי רפואה","10064","180","רכסים"
"25129","הילה חנני-אריק מפקח","11376","70,106","בית לחם הגלילית"
"25130","שי פנחס","15371","63","כפר קיש"
"25131","עמית פרץ","20986","23","בית שאן"
"25132","ישראל קנטור","17037","195","כפר תבור"
"25133","מולי אסייג","20770","53","ברק"
"25134","מ.מ.יבנאיל בית ספר","17370","1,3,74","יבנאל"
"25135","מ.מ.יבנאיל כביש סמדר","15437","64","יבנאל"
"25136","שני רם","16739","91","עפולה"
"25137","שירי טיתו","23186","71","בית השיטה"
"25138","בועז סרוסי","16972","35","דבוריה"
"25139","אלון בן נעים","17670","24","מגדל העמק"
"25140","שירי קוללרו","20279","62","מגידו"
"25141","גגיני דיאב","16974","28","דבוריה"
"25142","מ.מ.חצור כביש דובדבן","14156","35","חצור"
"25143","כביש מרדכי מקלוף חיפה","11666","233","חיפה"
"25144","רועי חיאתו","16696","66","עפולה"
"25145","אקר בנימין שי ונועה","23086","125","כפר יחזקאל"
"25146","גאי לוי פרזון","20751","137","פרזון"
"25147","יעל כהן","10105","218","פרדס חנה"
"25148","אייל לוי","15437","42","יבנאל"
"25149","רותם שמר","23186","69 ,  71","בית השיטה"
"25150","צחי ביתן","17081","63","אלון תבור"
"25151","חוסאם אבו עיד","15443","33","יבנאל"
"25152","דפנה כהן","17049","31","עין דור"
"25153","דרך אלכס","17769","47","עפולה"
"25154","עיריית עפולה","17761","204","עפולה עילית"
"25155","רשות מקרקעי ישראל-בית משפט","17215","75","שיבלי"
"25156","מועצה מקומית שיבלי","17215","88","שיבלי"
"25157","ארז שמיר","17334","293","ארבל"
"25158","איתי חימי","17893","52","אלון הגליל"
"25159","חיים חימי","17846","220","אלון הגליל"
"25160","אחמד מסאלחה","16961","12","דבוריה"
"25161","משפחת שטיין","15174","85","בית זרע"
"25162","אושרי אדרי","15377","50","מגדל העמק"
"25163","אוסאמה נגאר","16931","2","דבוריה"
"25164","אור אלבז","20990","95","אומן"
"25165","אליאב","17784","106","אחוזת ברק"
"25166","מ.מ.שיבלי אום אלגנם-כביש 15","17216","3","שיבלי"
"25167","קווי ביוב-לצורך תכנון תאגיד","17216","3","דבוריה"
"25168","אבו רינה היפא","16874","11","יפיע נצרת"
"25169","אילן שוחט","14722","37","כורזים"
"25170","גולדשטיין","20963","16","ניר דויד"
"25171","אפיקי מים","17216","3","בית שאן"
"25172","שיר יחזקאל","20880","25","מעלה גלבוע"
"25173","איתן מטמון","12590","26","נופית"
"25174","ענאן אבו סביה","16972","24","דבוריה"
"25175","אחמד אברהים","16962","51","דבוריה"
"25176","שמואל גפרי","17357","43","יבניאל"
"25177","משפחת מור","11248","237","בית שערים"
"25178","רפאל פונט","17770","22","עפולה עילית"
"25179","עמאד ביאטרה","16961","76","דבוריה"
"25180","דני אוסטר","15745","4","בית קשת"
"25181","ענבר ועידן שימי","16801","24","קיבוץ מזרע"
"25182","מ.מ.יבניאל בית ספר","17371","50","יבניאל"
"25183","הדר ונדב מייזל","12312","12","אלונים"
"25184","שילי ושילה נינבורג","16892","14","תל עדשים"
"25185","חוסאם אבו עיד","17370","82","יבניאל"
"25186","טל ואיתמר רוזן","17305","56","תמרת"
"25187","מ.מ.כפר כמא","15333","337-341","כפר כמא"
"25188","מ.מ.כפר כמא","15338","91","כפר כמא"
"25189","מ.מ.כפר כמא","15339","117","כפר כמא"
"25190","ארביב אזולאי","22868","119","בית שאן"
"25191","אילינה ואילרן פסנד","16789","83","מרחביה"
"25192","עדי זועבי","17775","85","גבעת המורה"
"25193","יעקב דון בצאלל","13967","29,30","צפת"
"25194","נפתלי צבי ארנסטר","17766","46","עפולה עילית"
"25195","אזור תעשיה בית שאן-מישיל","22884","123","בית שאן"
"25196","עופר בבאד","22863","2","שדה נחום"
"25197","ירון כרמי","20963","12","ניר דויד"
"25198","שמעון עזר","16663","147,148","עפולה"
"25199","חננייב גוליט","17454","13,34","מגדל העמק"
"25200","אוהד אזולאי","22868","62","בית שאן"
"25201","עופר שמואלי","12710","82,6","כפר יהשוע"
"25202","טלאל זועבי ואחיו","22508 ,22505","1,16","כפר מצר"
"25203","מאגד אבו טלאל ושותפיו","22505","1,14,15,33","כפר מצר"
"25204","מ.מ.יבניאל","17357","32,39-41","יבניאל"
"25205","ישראל עובדיה","15349","72","טבריה"
"25206","שלמה בן שבו","16706","57","עפולה"
"25207","פתחי סנידאת שיבלי","17216","59","שבלי"
"25208-2541","פיסל עזאיזה","16978","3","דבוריה"
"25209","מוחמד חמאמדה","16969","1","דבוריה"
"25210","אלהמרום","23013","10","שדה תרומות"
"25211","אופיר שוביטונה","16662","25","עפולה"
"25212","אור מזרחי","30482","17","ירושלים"
"25213","עופרן שטרן","23186","69,71","בית השיטה"
"25214","אלהמרום","20995","35","בית שאן"
"25215","משפחת קלמינטון","17376","214","יבניאל"
"25216","חסן חביב אללה","17775","41","גבעת המורה"
"25217","ורד חאתם זועבי","17202","40","ניין"
"25218","יובל גולדנברג","17032","277","כפר תבור"
"25219","סעיד אטרש","15424","9","עילבון"
"25220","אלהמרום","23009","35","בית שאן"
"25221","חוסאם אבו עיד","15794","36","ואדי אלחמאם"
"25222","חוסאם אבו עיד","15794","33","ואדי אלחמאם"
"25223","מ.מ.יבניאל","17371","17","יבניאל"
"25224","ד""ר פיסל זועבי","22503","16","כפר מצר"
"25225","מ.מ.שיבלי כביש אום אלגנם","17004","3","אום אלגנם"
"25226","אלון","11243","37","בית שערים"
"25227","מוחמד כורדי אבו נגדי","16969","2","דבוריה"
"25228","מ.מ.שיבלי אום אלגנם","16971","32,46","שיבלי"
"25229","איתן בנימין-ליד ארמונות חנה","22889","91","בית שאן"
"25230","משפחת אדלשטיין","23163","160","עין חרוד"
"25231","שכטר גרוב","11395","2","קריית טבעון"
"25232","היתם אסעד שיבלי","17000","120","אום אלגנם"
"25233","היתם אסעד שיבלי","16974","43","שיבלי"
"26001","הרחבה גבע","23177","71,72,73,75","גבע"
"26001-95A","שמש","23177","73","גבע"
"26001-95B","אורן","23177","73","גבע"
"26001-99A","אביב פורת","23177","71","גבע"
"26001-135","שלומית לימור","23177","71","גבע"
"26001-137","גיל גוריון","23177","71","גבע"
"26001-150A","ענבר פרידמן","23177","73","גבע"
"26001-178","גילעד אלוני","23177","71","גבע"
"26002","גאי שוורץ","16702","75","עפולה"
"26003","תומר ושירז חרמון","17873","83","כפר תבור"
"26004-57A","משפחת אבי ורחל פרידליך","22866","7","שלוחות"
"26004-57B","משפחת חנן ומיקי סמסון","22866","7","שלוחות"
"26005","משפחת שמעון ועליזה גלבוע","22866","7","שלוחות"
"26006","משפחת ברל ובתשבע לרנר","22866","7","שלוחות"
"26007-340","אריש רועי","15308","254","כנרת מושבה"
"26007-341","אריש רועי","15308","254","כנרת מושבה"
"26008","חוסאם אבו עיד-פרטי","17370","51","יבניאל"
"26009","חוסאם אבו עיד","15794","32","ואדי אלחמאם"
"26010","חוסאם אבו עיד","15794","34","ואדי אלחמאם"
"26011","רן ברזק","17723","17","כפר החורש"
"26012","ציון פרץ","20786","62","גדיש"
"26013","מוחמד סח","19371","86","בית נטופה"
"26014","אבי גזורי","17445","125","מגדל העמק"
"26015","אבי גזורי","17806","184,67","מגדל העמק"
"26016","דוד גולדמן","17765","108","עפולה עילית"
"26017","מיכאל בן עמי","16662","57,68","עפולה"
"26018","סופיאן גומעה שיבלי","17215","145,88","שיבלי"
"26019","שניר מלול","16686","10-20,55,71","עפולה"
"26020","אורן פודולר","16716","21","בלפוריה"
"26021","הלל שבלול","16699","1,3,5","עפולה"
"26022","מ.מ.יבניאל-חוסאם אבו עיד","17370","52","יבניאל"
"26023","רסמי שיבלי","17219","3","שיבלי"
"26024","חוסין עאמר מוקטרן","15334","36","כפר כמא"
"26025","מ.מ שיבלי אום אל גנם - מועצה","17216","101","שיבלי"
"26026","עופר בבאד","17928","130","עין דור"
"26027","מדחת מסארווה","16962","19,20","דבוריה"
"26028","עותמאן שיבלי","17216","46","שיבלי"
"26029","מ.מ. כפר כמא - מדידת כבישים","15339","181","כפר כמא"
"26030","מ.מ. כפר כמא - מדידת כבישים","15338","48,100","כפר כמא"
"26031","יגאל טרבולסי","13532","135","צפת"
"26032","משפחת גנון -הגר הולצמן","11468","2,24","היוגב"
"26033","הילה טל כץ","17287","2","רמת דוד"
"26034","משפחת ברל ובתשבע לרנר","22866","7","שלוחות"
"26035","רועי","22804","9","חמדיה"
"26036","טל אליהו","20880","25","מעלה גלבוע"
"26037","אבירן שושן","20990","77","אומן"
"26038","רותי","12568","38","יקנעם עילית"
"26039","ארשיד ושרה פאעור","17217","11","שיבלי"
"26040","ארד רחמים-זועבי יאסמין אדריכלית","13619","50","מושב כרכום"
"26041","אברהים שניפי","17216","54","שיבלי"
"26042","מכון רישוי נשר","11219","72","נשר"
"26043","משה כרסנטי","16657","98","עפולה"
"26044","רותם רבינוביץ","23186","71","בית השיטה"
"26045","ש.ישועה","12566","126","יקנעם עילית"
"26046","בית להב","23281","49","מולדת"
"26047","מאגד רשיד יוסף","16969","1","דבוריה"
"26048","קיבוץ מעוז חיים","22986-22984","10-15","מעוז חיים"
"26049","בן שושן","17927","36","עין דור"
"26050","נעמי שחר","17928","65","עין דור"
"26051","אלון קדוש","16658","76","עפולה"
"26052","אלון קדוש","22833","28","פארק צבאים"
"26053","אחמד זועבי","22503","49","כפר מצר"
"26054","גמאל אסעד שיבלי","17217","1","שיבלי"
"26055","עומרי שכטמן","16713","12,125,86,21","עפולה"
"26056","עידו פורת","16812","23-25","מרחביה"
"26057","אברהים סמועי","16970","18","דבוריה"
"26058","שיבלי בהא","17216","58","שיבלי"
"26059","רב בר ובניו","16684","4","עפולה"
"26060","בית ספר גפנים","אין גוש","אין חלקה","שלומציון"
"26061","דודו רחמני","16811","30","מרחביה"
"26062","מגה בוס אחזקות בע""מ דלק צהר","16686","53","עפולה"
"26063","איגל","15249","164-165","טבריה"
"26064","נתן גרוסמן","17444","82","מגדל העמק"
"26065","זוהיר יוסף שכונה מערבית","16961","1","דבוריה"
"26066","יוסי יעיש","22866","7","שלוחות"
"26067","עירן לייס","22867","21","שלוחות"
"26068","אמגד כתילאת","16961","124","דבוריה"
